first_name,last_name,age,gender,subscription
Findley,Timlett,43,Male,1
Ellette,Claybourn,28,Female,1
Noe,Burwin,3,Male,0
Fabien,Keaves,46,Male,0
Forster,Culshew,19,Male,0
Kimberly,Phette,22,Female,1
Sibyl,Skyrm,5,Female,1
Evangelia,Hartwell,24,Female,0
Noach,Nance,45,Male,0
Edsel,Strank,90,Male,1
Frank,Attawell,11,Female,0
Marji,Angrove,18,Female,0
Rancell,Denziloe,19,Male,0
Tedmund,Gommery,42,Male,0
Zacherie,Skyrme,56,Male,1
Lanette,Mirralls,38,Female,0
Beret,Decort,23,Female,0
Cristal,Flaverty,24,Female,0
Frank,Littledyke,10,Female,1
Alayne,Skittle,60,Female,0
Meade,Mival,29,Female,0
Gwenore,Jozsa,94,Female,0
Bethanne,Loos,17,Female,1
Mile,Theobalds,16,Male,0
Britney,Kops,34,Female,1
Susann,Gilpillan,3,Female,1
Lee,Kighly,76,Male,1
Parker,Schuelcke,38,Male,1
Hyacinthia,Camerello,16,Female,0
Ker,Sandyford,42,Male,0
Fonzie,Griss,54,Male,1
Erminia,Neillans,15,Female,0
Hart,Sate,34,Male,1
Darb,Legrand,19,Female,0
Clerissa,Sanders,82,Female,0
Issiah,Ranby,22,Male,0
Livia,Eccles,38,Female,0
Kirsten,Siebart,24,Female,0
Magda,Mundell,24,Female,1
Hillery,Franz,39,Male,0
Alejandrina,Fitzsymons,34,Female,0
Lauree,Sidgwick,42,Female,0
Romona,Spottswood,43,Female,0
Anjanette,Nyssen,43,Female,0
Booth,Sharp,65,Male,0
Marigold,Lerwill,35,Female,0
Moselle,Harkins,4,Female,0
Roderigo,Hatwells,24,Male,1
Melisa,Bedlington,75,Female,0
Correy,Stille,6,Female,0
Lottie,Ching,99,Female,0
Kakalina,Gather,18,Female,0
Betti,Smeaton,10,Female,0
Kendra,Geggus,54,Female,0
Brianna,Burnsyde,28,Female,0
Justus,Sallery,11,Male,0
Teirtza,Zellick,21,Female,0
Viviana,Fleckno,61,Female,0
Penni,Wynter,22,Female,0
Flori,Filipychev,45,Female,0
Maddalena,Clemson,36,Female,0
Brit,Bowness,20,Male,0
Anastasie,Boothroyd,20,Female,0
Nikolaos,O'Cosgra,7,Male,0
Winslow,Flescher,65,Male,0
Berky,Accombe,50,Male,0
Meriel,Kimmerling,15,Female,0
Merna,Canter,65,Female,0
Tremaine,Burtwistle,10,Male,1
Kellsie,Boaler,29,Female,0
Nester,Donald,5,Male,0
Rosmunda,Gillham,45,Female,0
Gage,Rittmeyer,6,Male,1
Christa,Grimley,10,Female,0
Tristam,Learmont,34,Male,0
Dru,Sorrie,29,Male,0
Sherlocke,Vassie,30,Male,1
Hashim,Proback,65,Male,0
Goddard,Checo,17,Male,0
Coleen,Carlisi,21,Female,1
Kelcey,McDade,25,Female,1
Manny,Yushachkov,38,Male,1
Allyson,Northridge,85,Female,1
Sheelah,Pyffe,9,Female,0
Barry,Cowdroy,42,Male,0
Marna,Drayn,3,Female,0
Alayne,Nisco,22,Female,0
Gabi,Glencros,3,Male,0
Ewell,Sawday,13,Male,0
Starlene,Capron,7,Female,0
Trudey,Carmen,45,Female,0
Hasty,McGrotty,41,Male,0
Janeta,Philo,5,Female,0
Fred,Todaro,1,Male,0
Marwin,Galway,21,Male,0
Lelia,Lodder,20,Female,1
Pauline,Zannelli,7,Female,1
Denys,Bough,85,Male,0
Hastings,Sinnat,1,Male,0
Lolita,Andres,3,Female,1
Bordy,Millhill,16,Male,0
Brooke,Gladebeck,5,Male,1
Hazel,Noton,27,Male,0
Desirae,Leythley,56,Female,0
Roth,Warcop,20,Male,0
Codie,Baistow,27,Male,0
Reyna,Worrell,82,Female,0
Alejandra,Lindeberg,25,Female,1
Noelyn,Prime,9,Female,0
Korie,Oxnam,43,Female,0
Cami,Brockway,85,Female,1
Mayor,Blofield,37,Male,0
Marnie,Redley,20,Female,0
Laird,Basil,37,Male,0
Ingaborg,Pigrome,16,Female,0
Vin,Esom,27,Female,1
Ida,Iskow,8,Female,0
Veronika,Tattersfield,14,Female,0
Lenee,Skipsey,71,Female,0
Vita,Beaven,16,Female,1
Fianna,Maginn,11,Female,0
Willamina,Audibert,85,Female,1
Quent,Bortolozzi,65,Male,0
Traci,Potbury,85,Female,0
Charlena,Cornewall,30,Female,0
Kirbie,Zapater,23,Female,0
Thekla,Filchakov,10,Female,0
Jo-anne,Baldick,9,Female,0
Aryn,Denk,61,Female,0
Roxy,Attwill,28,Female,1
Wes,Bockman,38,Male,1
Addy,Severy,94,Female,0
Stuart,Showalter,12,Male,0
Lottie,Swalwel,8,Female,1
Claude,Beever,12,Female,0
Rozelle,Green,28,Female,0
Heddie,Painten,15,Female,0
Creighton,Criple,38,Male,0
Leontyne,Oldmeadow,44,Female,0
Berte,Barwise,25,Female,1
Daria,Aleksankov,75,Female,0
Joshia,Mattaser,55,Male,0
Addi,Grigorio,2,Female,0
Daniella,Orbine,1,Female,0
Alexa,Cradey,4,Female,0
Giovanni,Willden,65,Male,0
Jessi,Androck,6,Female,1
Martelle,Shelliday,9,Female,0
Ardyce,Cheke,5,Female,1
Sophi,Pollen,54,Female,0
Wayland,Burnsall,3,Male,1
Laraine,Comrie,24,Female,0
Ware,Sommerled,65,Male,0
Bendicty,Kirley,40,Male,1
Lindsay,Falla,15,Male,0
Eva,Jeannequin,45,Female,0
Chiquia,Cogle,51,Female,0
Hanan,McDuff,27,Male,0
Dina,Dalli,71,Female,0
Nataline,Michele,43,Female,0
Glori,Maciejewski,32,Female,1
Alair,Treble,59,Male,0
Libbie,Nystrom,30,Female,0
Phil,Wogdon,76,Female,0
Lida,Snartt,10,Female,0
Tani,Ducroe,38,Female,0
Karole,Clausson,26,Female,0
Hestia,Pevreal,10,Female,0
Rebeka,Spurritt,18,Female,0
Ginnifer,Tebbit,32,Female,1
Arlette,Truse,11,Female,0
Erhart,Farnaby,72,Male,0
Rex,Welling,30,Male,0
Dirk,Gamblin,4,Male,0
Daphna,Batters,5,Female,1
Carin,Jago,1,Female,0
Ailbert,Pirazzi,45,Male,0
Nathalia,Pendle,24,Female,0
Aindrea,Scholl,55,Female,0
Alyse,Finnemore,9,Female,0
Ernest,Brombell,24,Male,1
Lonnard,Lyven,45,Male,0
Imogen,Ransbury,97,Female,0
Rosina,Ffrench,75,Female,0
Melantha,Chong,28,Female,0
Benedikt,Saxelby,25,Male,0
Melany,Cartner,64,Female,0
Tobye,Coleshill,42,Female,0
Lark,Medwell,27,Female,0
Cosetta,Cheke,50,Female,0
Falkner,Gyrgorwicx,10,Male,0
Cleo,Skamell,17,Female,1
Judith,McKeurtan,47,Female,0
Ranique,O'Hegertie,57,Female,1
Hayley,Larvor,58,Female,0
Dianne,Strettell,31,Female,0
Chlo,Tonna,19,Female,0
Stearne,Pennino,19,Male,0
Oneida,Futcher,59,Female,1
Jerrine,Fullbrook,29,Female,1
