first_name,last_name,gender,age,position
Kylie,Seifenmacher,Male,38,Employee
Concordia,Guerrero,Female,62,Employee
Sancho,Busswell,Male,18,Azubi
Min,Baxstare,Female,26,Employee
Chic,Newe,Male,15,Azubi
Stacie,Hollows,Female,33,Employee
Rubetta,Beverley,Female,32,Employee
Melodee,Lukianov,Female,59,Employee
Barnett,Swales,Male,20,Azubi
Fernando,Withnall,Male,56,Employee
Law,De Vuyst,Male,25,Pool Master
Skipp,Rois,Male,21,Employee
Debi,Braitling,Female,22,Employee
Hakeem,Howley,Male,49,Employee
Elbertina,Densey,Female,58,Employee
Lewiss,Hartless,Male,63,Employee
Domeniga,Davenport,Female,38,Employee
Byran,Drinkwater,Male,65,Employee
Kippar,Bilsland,Male,53,Employee
Rolland,Gaughan,Male,26,Employee
Craggie,Chasles,Male,47,Employee
Karil,Cuvley,Female,23,Employee
Vernice,Gagen,Female,20,Azubi
Orin,Izhakov,Male,47,Employee
Grace,Bettanay,Male,37,Pool Master
Dario,Harlow,Male,45,Employee
Kingsly,Danko,Male,17,Azubi
Giordano,Lockton,Male,41,Employee
Korney,Gallon,Female,19,Azubi
Gibb,Van Schafflaer,Male,44,Employee
Feliza,Ungerecht,Female,17,Azubi
Sunshine,Dignall,Female,22,Employee
Ramsey,Teck,Male,16,Azubi
Xymenes,Beeby,Male,35,Employee
August,Stoney,Male,51,Employee
Hartley,Cumbridge,Male,33,Employee
Monte,Grainger,Male,63,Employee
Steve,Coule,Male,23,Employee
Waylin,Stonebridge,Male,54,Employee
Foster,Hardey,Male,52,Employee
Wald,Vivash,Male,38,Employee
Davon,MacElroy,Male,50,Employee
Gaynor,Babon,Female,30,Employee
Porty,Ferretti,Male,54,Employee
Aube,Boater,Male,51,Employee
Inness,Florence,Male,43,Pool Master
Clay,Hatz,Male,63,Employee
Leoline,Graeber,Female,27,Employee
Lammond,Howes,Male,25,Pool Master
Feliks,Bronot,Male,23,Employee
Arie,Cribbins,Male,43,Employee
Lamont,Blindt,Male,44,Employee
Abbey,Dignum,Male,21,Azubi
Catha,MacCarroll,Female,65,Pool Master
Frayda,Koene,Female,52,Employee
Merrill,Kearey,Male,36,Pool Master
Alphard,Sullens,Male,20,Employee
Leonidas,Allone,Male,30,Employee
Gannon,Trustram,Male,26,Employee
Katuscha,Kenford,Female,44,Employee
Mozelle,Sedman,Female,35,Employee
Gregorio,Foyster,Male,19,Azubi
Howey,Hurnell,Male,54,Employee
Josh,Crew,Male,30,Employee
Bernadene,Skeates,Female,48,Employee
Timoteo,Truelock,Male,58,Employee
Beauregard,Stout,Male,19,Employee
Raffarty,McKeveney,Male,53,Employee
Ollie,Sousa,Female,53,Employee
Sterne,Ramel,Male,15,Azubi
Carlen,Riddles,Female,33,Employee
Daphna,Orniz,Female,22,Employee
Orlando,Edgeon,Male,44,Employee
Corny,Bluett,Female,35,Employee
Garrick,Abbatini,Male,53,Employee
Janina,Physic,Female,21,Azubi
Dacey,Doak,Female,47,Pool Master
Selie,Broszkiewicz,Female,16,Azubi
Tabb,Martinec,Male,26,Employee
Hinda,Partener,Female,55,Pool Master
Gaspard,McCluin,Male,47,Employee
Alene,Troy,Female,26,Employee
Davida,Emmanueli,Female,43,Employee
Mommy,Mournian,Female,26,Employee
Rudiger,Kehir,Male,25,Employee
Kaine,Jiranek,Male,52,Employee
Yvon,Clelle,Male,58,Pool Master
Carson,Waterdrinker,Male,49,Pool Master
Barrie,Paschke,Male,22,Employee
Vern,Heindrick,Male,33,Employee
Darrell,Whitemarsh,Male,39,Employee
Boote,Crewe,Male,33,Employee
Edithe,Connelly,Female,46,Employee
Jessamyn,Lownds,Female,65,Pool Master
Kissie,Franklen,Female,42,Pool Master
Katie,Hort,Female,54,Employee
Fey,Arnke,Female,48,Employee
Dorena,Fylan,Female,40,Employee
Mark,Showte,Male,55,Employee
Abdel,Jakubovitch,Male,45,Employee
Robby,Kendall,Female,41,Employee
Enrique,Postill,Male,44,Employee
Thea,Di Lucia,Female,28,Employee
Audy,Abys,Female,55,Employee
Edgard,Stranieri,Male,20,Azubi
Alyosha,Lambrecht,Male,22,Employee
Zacharias,Loosmore,Male,18,Employee
Courtney,Patchett,Male,33,Employee
Adham,Bradder,Male,33,Employee
Marj,Hedger,Female,36,Employee
Sybyl,Barnewelle,Female,17,Azubi
Payton,Carrane,Male,32,Employee
Tessie,Farlowe,Female,15,Azubi
Fitz,Agnew,Male,21,Azubi
Daveen,Damp,Female,39,Employee
Mischa,Catlow,Male,18,Employee
Gorden,Francescuccio,Male,49,Employee
Bealle,Beavington,Male,41,Employee
Lurline,Edgley,Female,30,Pool Master
Prescott,Filipychev,Male,53,Employee
Ivor,Letchford,Male,21,Azubi
Karrie,Ambrosch,Female,19,Azubi
Omero,Penhaleurack,Male,45,Employee
Augie,Tilne,Male,27,Employee
Seymour,Francescotti,Male,32,Employee
Ranique,Rook,Female,42,Employee
Pancho,Hurren,Male,26,Employee
Aguste,Seear,Male,59,Pool Master
Petronilla,Parkhouse,Female,35,Pool Master
Gallagher,Spiers,Male,47,Employee
Bronny,Denyer,Male,41,Employee
Kermie,Simnel,Male,38,Employee
Hammad,MacFadzean,Male,42,Employee
Lind,Gossart,Male,30,Employee
Chrissie,Milby,Male,26,Employee
Arabelle,Maryott,Female,15,Employee
Morganica,Sunock,Female,48,Employee
Celestyna,Behnecken,Female,35,Employee
Ellie,Bolwell,Female,40,Employee
Franz,Axby,Male,29,Employee
Paxton,Bellee,Male,18,Employee
Celestina,Tooting,Female,54,Employee
Ronda,Gethins,Female,41,Employee
Anne-marie,Montford,Female,37,Employee
Gerald,Goodings,Male,58,Pool Master
Meade,Duthy,Male,51,Employee
Briano,Weepers,Male,57,Employee
Yard,Foskin,Male,23,Employee
Abrahan,Bastone,Male,56,Employee
Lester,Punyer,Male,41,Employee
Aldo,Coonihan,Male,21,Azubi
Rhona,Emmison,Female,40,Employee
Bevon,Rishman,Male,24,Employee
Charyl,Tripcony,Female,59,Employee
Serge,Wagon,Male,44,Employee
Tammara,Spradbrow,Female,38,Employee
Chelsae,Dulson,Female,43,Employee
Nikkie,Whitsey,Female,18,Azubi
Coop,Hatliff,Male,19,Azubi
Randi,Piperley,Female,37,Employee
Drusi,Lilliman,Female,45,Employee
Murielle,Gornall,Female,31,Employee
Sheelah,Twidle,Female,42,Employee
Vinny,Burnsell,Female,55,Employee
Neal,Hearmon,Male,33,Employee
Lebbie,Lympenie,Female,44,Employee
Carson,Trumpeter,Male,39,Employee
Amory,Ellul,Male,59,Employee
Xenos,Tavner,Male,47,Employee
Melony,Feetham,Female,44,Employee
Monro,Mingaud,Male,23,Employee
Mack,Ashcroft,Male,36,Pool Master
Theodor,Mundee,Male,63,Employee
Rhys,Logsdail,Male,29,Employee
Michael,Hynson,Male,55,Employee
Antonin,Rawsthorne,Male,54,Employee
Ellsworth,Gunther,Male,55,Employee
Brockie,Harkes,Male,33,Employee
Domeniga,Studdeard,Female,32,Employee
Moria,Pochin,Female,15,Employee
Merrile,Cloney,Female,52,Employee
Brandise,Clout,Female,47,Employee
Thurston,Neaverson,Male,32,Employee
Bonni,Ringham,Female,34,Employee
Francisca,Sharnock,Female,59,Pool Master
Jonell,Jamot,Female,30,Employee
Toby,Juarez,Male,21,Azubi
Guinna,Surgey,Female,52,Employee
Liva,Rusted,Female,63,Pool Master
Chrissy,Tregaskis,Male,65,Employee
Gard,Duesbury,Male,25,Employee
Umeko,Gooley,Female,39,Employee
Cathyleen,Farnon,Female,25,Employee
Cristian,Cockarill,Male,28,Employee
Viv,Ager,Female,29,Employee
Owen,Pickvance,Male,20,Azubi
Gothart,Mound,Male,54,Pool Master
Christin,Ferry,Female,34,Employee
Hugh,Fardon,Male,46,Employee
Loralee,Woollin,Female,51,Employee
Nathanael,Simcoe,Male,42,Employee
Reina,Ruddick,Female,55,Employee
Wyatt,Jamieson,Male,44,Employee
Francyne,Dore,Female,18,Azubi
Jarrod,Lowis,Male,58,Employee
Kalinda,Strainge,Female,62,Employee
Emma,Bax,Female,37,Employee
Wat,Kaindl,Male,48,Employee
Tessy,Corgenvin,Female,40,Employee
Maximilianus,Beardsworth,Male,55,Pool Master
Dyanna,Rippin,Female,41,Employee
Artie,Roark,Male,38,Employee
Rana,Roloff,Female,39,Employee
Dmitri,Aicheson,Male,31,Employee
Angeli,Roscher,Male,21,Azubi
Robinette,Aasaf,Female,58,Employee
Rolph,Harman,Male,25,Employee
Reggy,Lile,Male,42,Employee
Guilbert,Vickery,Male,55,Employee
Erhard,Rousell,Male,33,Employee
Hinze,MacTague,Male,28,Employee
Obadiah,Venditto,Male,41,Employee
Cecil,Biever,Female,24,Employee
Mikael,Sylett,Male,29,Employee
Irvine,Scone,Male,62,Employee
Susette,Desbrow,Female,65,Employee
Orly,Hatfield,Female,46,Employee
Neal,Taks,Male,50,Employee
Rorke,Loutheane,Male,33,Employee
Meredeth,Cockarill,Male,42,Pool Master
Kingsly,Muncaster,Male,21,Azubi
Ameline,MacGee,Female,38,Employee
Hana,Cawthorn,Female,45,Pool Master
Anthony,Alger,Male,29,Employee
Renado,Ziebart,Male,63,Pool Master
Juana,Borgne,Female,51,Employee
Kliment,Beeres,Male,21,Azubi
Nanni,Sammonds,Female,50,Employee
Forester,Strowan,Male,59,Employee
Worden,Godwyn,Male,48,Employee
Viva,England,Female,29,Employee
Jackqueline,Leech,Female,52,Employee
Winne,Garnett,Female,21,Azubi
Ezequiel,Betton,Male,26,Employee
Peg,Pieracci,Female,20,Employee
Garwood,Andreu,Male,57,Employee
Julina,Stirrip,Female,36,Employee
Devondra,Fishbourn,Female,59,Employee
Clemmy,Jeandin,Female,36,Employee
Brantley,Garretson,Male,57,Employee
Garrik,Costell,Male,39,Employee
Mallory,Barendtsen,Female,29,Employee
Claresta,Kareman,Female,47,Pool Master
Elonore,Maudling,Female,17,Azubi
Pennie,Meekins,Male,37,Employee
Alina,Liddiatt,Female,31,Employee
Mendie,Parvin,Male,43,Employee
Almeria,Utton,Female,63,Employee
Werner,Verry,Male,18,Azubi
Agathe,Andreichik,Female,26,Employee
Bentlee,Riddiford,Male,26,Employee
Giana,Probin,Female,23,Employee
Mal,Ahmad,Male,51,Pool Master
Sherie,Liebermann,Female,36,Employee
Kit,Lukasik,Male,23,Employee
Garey,Ovington,Male,29,Employee
Marcello,Belfitt,Male,16,Azubi
Carce,Giffaut,Male,35,Employee
Land,Garwood,Male,33,Pool Master
Shelia,De Francisci,Female,53,Employee
Edwina,Kingsland,Female,27,Employee
Johanna,Gligori,Female,25,Employee
Pedro,Tolson,Male,45,Employee
Gerri,Handforth,Male,56,Pool Master
Corbie,Hearons,Male,40,Employee
Jaquelin,Judron,Female,27,Employee
Othilia,Arnason,Female,20,Azubi
Elva,Alvis,Female,51,Employee
Harlen,Timms,Male,30,Employee
Raynell,Flawith,Female,38,Employee
Vinny,Alcide,Male,20,Azubi
Ginny,Berrane,Female,56,Employee
Morganne,Mulloch,Female,51,Employee
Jeremiah,Longfoot,Male,29,Pool Master
Cora,Yonnie,Female,38,Employee
Marinna,Riseborough,Female,39,Employee
Robyn,Amoore,Female,65,Employee
Wainwright,Dougary,Male,21,Azubi
Gaby,Cloney,Male,26,Employee
Phyllida,Coudray,Female,24,Employee
Kiel,Sprott,Male,20,Azubi
Melvin,Rankling,Male,47,Employee
Humfrid,Laughlin,Male,37,Employee
Charlton,Cleal,Male,55,Employee
Reynard,Fulger,Male,54,Employee
Jeff,Pound,Male,46,Employee
Maitilde,Tilt,Female,21,Employee
Palmer,Liggons,Male,39,Employee
Gannon,Steffens,Male,44,Employee
Nomi,Wallman,Female,27,Employee
Reuven,Haldane,Male,37,Employee
Gayla,Windress,Female,45,Employee
Des,Thorley,Male,64,Employee
Joycelin,Sparkwell,Female,38,Employee
Isaiah,Gibbieson,Male,46,Employee
Myrvyn,Lennon,Male,34,Employee
Clem,Bineham,Female,54,Employee
Alvera,Alldre,Female,28,Pool Master
Killie,Gowling,Male,20,Azubi
Trace,Monahan,Male,21,Azubi
Delphinia,Ianson,Female,25,Employee
Udell,Chisman,Male,41,Employee
Nathanial,Letch,Male,29,Employee
Christy,Linturn,Female,47,Employee
Yankee,Adamsky,Male,27,Employee
Stearn,Langsdon,Male,36,Employee
Hobart,Rousell,Male,26,Employee
Neysa,Mingasson,Female,44,Employee
Benedict,McLagain,Male,56,Employee
Ulrika,Tommeo,Female,45,Employee
Ruthie,Belliveau,Female,26,Employee
Abelard,Reveley,Male,37,Employee
Boniface,Cutts,Male,29,Employee
Camila,Blackly,Female,20,Azubi
Lowe,Longstaffe,Male,27,Employee
Joelie,Carrick,Female,18,Azubi
Fania,Hayton,Female,34,Employee
Nessa,Lacase,Female,54,Employee
Courtenay,Widdup,Female,39,Employee
Alvera,Cunliffe,Female,40,Employee
Ninnette,Wind,Female,49,Employee
Oby,Alps,Male,37,Employee
Dore,Veltman,Female,57,Employee
Kimberlee,Kamen,Female,46,Employee
Ephrem,Eddis,Male,25,Employee
Gisele,Buss,Female,34,Employee
Gertrud,Allderidge,Female,31,Employee
Karim,McElmurray,Male,24,Pool Master
Christoffer,Grindlay,Male,34,Employee
Bertrando,Brierton,Male,55,Employee
Kassi,Nassey,Female,24,Pool Master
Alaine,Kanter,Female,51,Employee
Jobey,Schermick,Female,20,Azubi
Hedda,Addis,Female,53,Pool Master
Nat,Effemy,Male,23,Employee
Wyatan,Dankov,Male,48,Employee
Leonhard,Mathissen,Male,23,Employee
Michail,Gerardin,Male,62,Employee
Suzi,Ledeker,Female,15,Azubi
Ave,Cowdery,Male,48,Employee
Toby,Snozzwell,Male,54,Employee
Bail,Ness,Male,31,Employee
Ase,Ciepluch,Male,44,Pool Master
Jordon,Jedraszczyk,Male,63,Employee
Cody,Murrey,Female,29,Employee
Onofredo,Coggin,Male,34,Employee
Dyana,Hebblewaite,Female,18,Azubi
Llewellyn,Meak,Male,35,Employee
Ingamar,Duignan,Male,63,Pool Master
Candi,Jacquest,Female,36,Employee
Kristen,Jordeson,Female,46,Employee
Herrick,Poone,Male,38,Employee
Murdoch,O' Sullivan,Male,24,Employee
Errol,Spore,Male,21,Azubi
Ozzie,Shone,Male,41,Employee
Cyrus,Southers,Male,62,Employee
Shelagh,Ginsie,Female,63,Employee
Rafaellle,Berre,Male,43,Employee
Codie,Bubb,Male,34,Employee
Faith,Floweth,Female,39,Employee
Mathias,Baldick,Male,42,Employee
Ralph,Abate,Male,15,Employee
Natalya,Oliveto,Female,55,Employee
Sallyanne,Minall,Female,32,Employee
Brendin,Castanyer,Male,33,Employee
Kalil,Tunny,Male,60,Employee
Timmie,Blakiston,Female,34,Employee
Kermit,Rossi,Male,59,Employee
Annabelle,Andor,Female,61,Employee
Dell,Lethem,Female,62,Employee
Elvera,Spurrior,Female,56,Employee
Jocelyne,De Cruz,Female,51,Employee
Steward,Scrimshaw,Male,55,Employee
Elwin,Khristyukhin,Male,17,Employee
Emlyn,Maulden,Male,16,Azubi
Ado,Streader,Male,23,Employee
Calla,de Mullett,Female,52,Pool Master
Nero,Shadfourth,Male,46,Employee
Albie,Beyer,Male,32,Pool Master
Jena,Espadate,Female,55,Pool Master
Even,Toffetto,Male,39,Employee
Candice,Casterton,Female,34,Employee
Shane,McMakin,Female,22,Employee
Osmond,Gagie,Male,44,Employee
Marlowe,Tweddell,Male,20,Azubi
Jackqueline,Veljes,Female,55,Pool Master
Lauritz,McDirmid,Male,37,Employee
Chevalier,Wilsone,Male,46,Employee
Yanaton,Stronough,Male,21,Azubi
Kathe,Abelevitz,Female,52,Employee
Maury,Castagneto,Male,40,Employee
Cass,Maddock,Female,23,Employee
Marita,McKniely,Female,34,Employee
Tyson,Breton,Male,17,Employee
Rog,Hanster,Male,51,Employee
Elicia,Chaston,Female,55,Employee
Webb,Stichall,Male,50,Employee
Johnny,Joiris,Male,25,Employee
Bent,Sturr,Male,56,Employee
Jon,Durn,Male,50,Employee
Tanney,Benadette,Male,17,Employee
Kelila,Tedder,Female,47,Employee
Glenna,Sherman,Female,54,Employee
Roscoe,Biasini,Male,49,Employee
Nadia,Crookshank,Female,25,Employee
Sallyanne,Falconer-Taylor,Female,61,Employee
Hannah,Wintour,Female,61,Employee
Obed,Abbatt,Male,21,Azubi
Brooks,Teale,Male,21,Employee
Darda,Duding,Female,53,Employee
Bobina,Marcombe,Female,55,Employee
Wendi,Tothe,Female,62,Employee
Bartram,Lerego,Male,21,Employee
Faber,Jarrad,Male,19,Azubi
Mavis,Vine,Female,54,Employee
Ellery,Reeson,Male,65,Employee
Raymund,Peckett,Male,53,Employee
Aleen,Housby,Female,53,Employee
Teddie,Amiranda,Male,20,Azubi
Jorry,Durling,Female,19,Employee
Gordon,Coode,Male,55,Employee
Mariel,Winham,Female,15,Azubi
Cos,Iannuzzelli,Male,26,Employee
Hercules,Brady,Male,26,Employee
Gaylor,Blamey,Male,16,Azubi
Gerard,Ronnay,Male,48,Employee
Travis,Huebner,Male,38,Employee
Sadella,Chinnick,Female,29,Employee
Jacenta,Nuth,Female,41,Employee
Paulette,Sugarman,Female,48,Employee
Alva,Hedden,Male,36,Employee
Edgardo,Claffey,Male,63,Employee
Ardelle,Romain,Female,28,Employee
Vasily,MacQuist,Male,49,Employee
Brittan,Blezard,Female,50,Pool Master
Valle,Currin,Male,49,Employee
Alma,Braunds,Female,53,Employee
Damian,Behn,Male,40,Employee
Annabel,Harby,Female,45,Employee
Giffer,Beardsall,Male,48,Employee
Michaela,Euesden,Female,55,Employee
Johannah,Godar,Female,21,Employee
Friedrich,Dockrell,Male,58,Employee
Raffaello,Papes,Male,31,Employee
Dulcine,Jakobssen,Female,51,Pool Master
Aguste,Barukh,Male,39,Employee
Angy,McInulty,Female,37,Employee
Cammy,Yakebowitch,Male,15,Azubi
Tobie,Perroni,Male,18,Azubi
Mace,Fossett,Male,20,Azubi
Frants,Gerdts,Male,60,Employee
Ethelin,Frankham,Female,45,Employee
Jennica,Carberry,Female,52,Employee
Carita,Clinnick,Female,21,Azubi
Bernardo,Glendza,Male,34,Pool Master
Brose,Folini,Male,17,Employee
Jarvis,Cupper,Male,61,Employee
Thomasine,Diano,Female,40,Employee
Byram,Lachaize,Male,40,Employee
Clare,Reed,Female,43,Employee
Merill,Podd,Male,23,Employee
Bennie,Bride,Male,44,Pool Master
Royall,Macvain,Male,55,Employee
Zaria,Franchi,Female,36,Employee
Milton,Rickman,Male,26,Pool Master
Ingmar,L'Episcopi,Male,56,Employee
Nollie,Slite,Female,25,Employee
Dane,Waddington,Male,43,Employee
Erminia,Gedling,Female,37,Employee
Gardiner,Shipston,Male,56,Pool Master
Finlay,Dungee,Male,30,Employee
Chane,McCollum,Male,60,Employee
Briny,Clowes,Female,33,Employee
Teodor,Cawse,Male,55,Employee
Benji,Brucker,Male,42,Employee
Park,Kondratovich,Male,59,Employee
Ara,Chasmer,Male,62,Employee
Stephine,Stang-Gjertsen,Female,30,Employee
Lock,Degoix,Male,56,Employee
Bethina,McConnachie,Female,42,Employee
Mickie,Truscott,Female,33,Employee
Alasteir,Fearne,Male,49,Employee
Kiah,Haking,Female,20,Employee
Barde,Samarth,Male,30,Employee
Humfrid,Penketh,Male,40,Pool Master
Carol-jean,Reubel,Female,15,Employee
Pandora,Habbeshaw,Female,55,Employee
Ashbey,Cristofalo,Male,36,Employee
Mina,Crock,Female,24,Employee
Adrien,Basden,Male,39,Employee
Lynnelle,Filkin,Female,44,Employee
Kippar,Sleit,Male,45,Employee
Reinaldos,Bly,Male,40,Employee
Dun,Spitaro,Male,32,Employee
Ashien,MacNeice,Female,53,Pool Master
Palm,Reddick,Male,21,Azubi
Malvina,Pfeffer,Female,37,Employee
Ernesto,Ladloe,Male,53,Employee
Jewell,Delia,Female,23,Employee
Riccardo,Greenman,Male,55,Employee
Francklin,Leall,Male,28,Employee
Fidelio,Malicki,Male,37,Employee
Sylvester,Keough,Male,32,Employee
Tadd,Kondrachenko,Male,48,Employee
Hermann,Shearer,Male,15,Employee
Averil,Dunkerley,Female,55,Employee
Yelena,Dowthwaite,Female,64,Employee
Patric,Warin,Male,37,Employee
Latrena,Docker,Female,24,Employee
Amandie,Hounihan,Female,43,Employee
Emelina,Maylard,Female,25,Employee
Frannie,Dandison,Male,34,Employee
Dukey,Broughton,Male,30,Employee
Michel,Kernermann,Female,60,Employee
Moises,Brugemann,Male,55,Employee
Hope,Baumann,Female,43,Employee
Roseanna,Birden,Female,41,Employee
Trenna,Carnduff,Female,33,Pool Master
Onfre,Jannings,Male,20,Azubi
Eberto,Mant,Male,16,Azubi
Barnie,Kiwitz,Male,36,Employee
Loralyn,Vallentin,Female,45,Employee
Logan,Longlands,Male,15,Azubi
Gilberta,Rickcord,Female,44,Employee
Iolanthe,Martijn,Female,36,Employee
Hank,Roskams,Male,41,Employee
Kaela,Galtone,Female,22,Employee
Alejandra,Springle,Female,64,Employee
Corby,Sedgemore,Male,62,Employee
Aldric,Turfes,Male,40,Employee
Eileen,Sealove,Female,45,Employee
Stefania,Coopman,Female,55,Employee
Monti,Carayol,Male,33,Employee
Veda,Debow,Female,46,Employee
Keen,Clinkard,Male,43,Employee
Pren,Lanon,Male,23,Employee
Blakeley,Smy,Female,55,Employee
Garfield,Stapley,Male,62,Employee
Maddy,Hollidge,Male,16,Azubi
Carney,Nelsen,Male,32,Employee
Frederique,Spuner,Female,36,Employee
Olwen,Mogford,Female,30,Employee
Bernardo,Mawne,Male,45,Employee
Dorthea,Kirkwood,Female,21,Azubi
Efrem,Midford,Male,30,Employee
Julianne,Briiginshaw,Female,22,Employee
Giffie,Le Brom,Male,41,Employee
Kerk,Recher,Male,39,Employee
Antin,Dobrowolski,Male,55,Employee
Timmie,Rodger,Female,46,Employee
Alano,Storrier,Male,58,Employee
Hillary,Draysay,Male,21,Azubi
Carroll,Hutchence,Female,38,Employee
Teirtza,Sloegrave,Female,65,Employee
Cecile,Coomer,Female,60,Employee
Mendy,Rishbrook,Male,23,Employee
Travis,Bellfield,Male,64,Employee
Mufinella,Freda,Female,15,Employee
Germain,Quigg,Male,20,Azubi
Leia,Taffarello,Female,60,Employee
Abra,Peakman,Female,23,Employee
Isidor,Heugle,Male,53,Employee
Webster,Sallans,Male,55,Employee
Waylin,Yurov,Male,47,Employee
Kinnie,Langmead,Male,19,Azubi
Rollo,Josephi,Male,21,Azubi
Baxie,Robben,Male,34,Employee
Demetri,McCreery,Male,54,Employee
Salim,MacClay,Male,28,Employee
Amery,Hansmann,Male,35,Employee
Ellary,Brissenden,Male,15,Azubi
Peter,Peeters,Male,45,Employee
Guido,Chaffer,Male,59,Employee
Armand,Sturr,Male,20,Employee
Nert,Forgie,Female,17,Azubi
Pavlov,Luty,Male,35,Employee
Mark,Vasyutkin,Male,59,Employee
Rasla,Lansdowne,Female,46,Employee
Francis,Skip,Male,49,Employee
Ethan,Starmer,Male,26,Employee
Basil,Shayes,Male,50,Employee
Carlie,Demelt,Male,53,Employee
Lewie,Gott,Male,60,Employee
Kristian,Devorill,Male,40,Employee
Ros,Tortoishell,Female,29,Employee
Lorita,Falshaw,Female,35,Pool Master
Regan,Zmitruk,Male,39,Employee
Shae,Gaisford,Female,38,Employee
Reube,Kryska,Male,43,Pool Master
Tatiana,Escott,Female,54,Employee
Katti,Featherstonhaugh,Female,49,Employee
Basia,Janikowski,Female,58,Pool Master
Ag,Ching,Female,52,Employee
Wade,Tall,Male,63,Employee
Zia,De Mattia,Female,15,Azubi
Courtney,Trickett,Male,26,Employee
Fiann,Thursfield,Female,24,Employee
Siffre,McCrum,Male,46,Pool Master
Viki,Bathersby,Female,25,Employee
Mordecai,Serginson,Male,30,Employee
Carroll,Schukert,Male,46,Pool Master
Addi,Laminman,Female,62,Employee
Ambrose,Buchett,Male,30,Employee
Alvan,Pietrusiak,Male,55,Pool Master
Gloria,Terrell,Female,39,Employee
Rori,Lilloe,Female,44,Employee
Valentine,Ivens,Female,60,Employee
Deerdre,Loseby,Female,36,Pool Master
Urbain,Burgan,Male,23,Employee
Elisabetta,Konzel,Female,38,Pool Master
Ianthe,Killimister,Female,47,Employee
Haily,Spellissy,Male,22,Employee
Linda,Farreil,Female,16,Azubi
Edgar,Bartoszek,Male,22,Employee
Toiboid,Titchard,Male,23,Employee
Silvester,Hubbard,Male,35,Employee
Michelle,Postance,Female,50,Pool Master
Rabbi,Scargill,Male,32,Pool Master
Cinderella,Walters,Female,50,Pool Master
Inigo,Sante,Male,54,Employee
Quinlan,Seals,Male,41,Employee
Paige,Feak,Female,21,Azubi
Shalne,Spat,Female,31,Employee
Jasper,Paulus,Male,36,Employee
Patrice,Fairhead,Female,18,Employee
Lynsey,Skilton,Female,43,Employee
Noell,Hampstead,Female,53,Employee
Kincaid,Gemmell,Male,30,Employee
Augie,Irlam,Male,62,Employee
Huberto,Figgins,Male,35,Employee
Mathilde,Dubois,Female,34,Employee
Jolee,Noyes,Female,36,Employee
Corilla,Charles,Female,56,Employee
Janot,Cranstone,Female,54,Employee
Maddy,Laroux,Female,24,Employee
Tabb,Kirkpatrick,Male,58,Pool Master
Elroy,Nevison,Male,16,Azubi
Beatrix,Foxley,Female,47,Employee
Caprice,Fortin,Female,53,Employee
Baird,Pilsworth,Male,22,Employee
Robenia,Sebring,Female,39,Employee
Jaimie,Greeding,Female,22,Employee
Wit,Sign,Male,54,Employee
Kirsti,Cathrall,Female,47,Employee
Griffie,McCroft,Male,22,Employee
Dru,Joplin,Male,47,Employee
Felice,Juhruke,Female,44,Employee
Ive,McTrustram,Male,57,Employee
Erl,Jacobssen,Male,23,Employee
Iolande,Bretherton,Female,30,Employee
Stephani,de Marco,Female,62,Employee
Heall,O'Caine,Male,47,Employee
Ranee,Tingey,Female,55,Employee
Lowell,Huston,Male,48,Employee
Arlen,Bonnell,Male,31,Employee
Elisa,Smorthit,Female,45,Employee
Vanessa,Waldram,Female,41,Employee
Barbara-anne,Jephcote,Female,29,Employee
Jeramie,Sorro,Male,57,Employee
Padriac,Danks,Male,53,Employee
Brent,Barks,Male,24,Employee
Auroora,Slader,Female,44,Employee
Schuyler,Martusov,Male,30,Employee
Cristionna,Speenden,Female,24,Pool Master
Benito,Harley,Male,51,Employee
Guy,Belfelt,Male,24,Employee
Garv,Conkey,Male,58,Employee
Cyril,De Lascy,Male,22,Employee
Duky,Hrinchishin,Male,26,Employee
Raul,Vassman,Male,56,Pool Master
Florie,Rival,Female,40,Employee
Carolann,Viveash,Female,55,Employee
Robbin,Beseke,Female,24,Employee
Nichols,Gooms,Male,37,Employee
Stephana,Quenell,Female,22,Employee
Sansone,Emeney,Male,46,Employee
Jannel,Ambrogioni,Female,21,Azubi
Eberto,MacGregor,Male,63,Employee
Henri,Rowdell,Male,31,Employee
Brantley,Luddy,Male,27,Employee
Max,Postles,Male,22,Employee
Cullin,Pickersgill,Male,34,Employee
Gaynor,Dorcey,Female,50,Employee
Rodrick,Duguid,Male,59,Employee
Minna,Fass,Female,23,Employee
Sianna,Stubbin,Female,42,Employee
Kilian,Bellon,Male,58,Employee
Prissie,Giorgeschi,Female,49,Employee
Alair,Flynn,Male,25,Employee
Tani,Stute,Female,18,Pool Master
Sherm,Edmondson,Male,39,Employee
Willyt,Poulett,Female,60,Employee
Arlana,Trouel,Female,52,Employee
Brittne,Handy,Female,65,Employee
Wendi,Cattrell,Female,44,Employee
Hughie,Boldry,Male,42,Employee
Morgana,Guppie,Female,24,Employee
Delmor,Kemsley,Male,40,Employee
Sydney,Crampsey,Male,54,Pool Master
Allyn,De Mico,Female,54,Employee
Neely,Commin,Female,24,Employee
Dag,Longmire,Male,40,Employee
Maurise,Dalgliesh,Male,29,Employee
Adah,Camilletti,Female,58,Pool Master
Kienan,Gerault,Male,61,Employee
Ignazio,Lewer,Male,41,Employee
Kris,Kynston,Male,24,Employee
Burk,Mockler,Male,50,Employee
Robinet,Tidy,Male,33,Employee
Dewie,Yallop,Male,31,Employee
Morten,Wren,Male,34,Employee
Sol,Pudney,Male,62,Employee
Padgett,Fraczkiewicz,Male,56,Employee
Valentine,Poncet,Male,27,Employee
Ricki,Leeves,Female,52,Employee
Boote,Lyffe,Male,64,Employee
Marley,Pinke,Female,34,Employee
Ainslie,Goly,Female,16,Azubi
Paolo,Beagin,Male,37,Employee
Edita,Partlett,Female,51,Employee
Merrill,Bartens,Female,54,Employee
Katee,Fishly,Female,53,Employee
Heath,Swidenbank,Male,50,Employee
Stern,Monckman,Male,44,Employee
Mill,Blankhorn,Male,35,Employee
Sephira,Raun,Female,18,Employee
Arabelle,Baude,Female,16,Azubi
Sebastiano,Ortes,Male,17,Azubi
Rubin,Stood,Male,50,Employee
Bobby,Worsall,Male,29,Employee
Andriana,Mompesson,Female,27,Employee
Maighdiln,Scriven,Female,23,Employee
Francisca,Dufer,Female,45,Employee
Eduardo,Nevett,Male,21,Azubi
Dario,Snodden,Male,48,Employee
Meir,Keatch,Male,20,Azubi
Gage,Benedidick,Male,28,Pool Master
Kev,Kingsford,Male,53,Employee
Osbourn,Gailor,Male,60,Pool Master
Nata,Stonehewer,Female,65,Employee
Regen,Tarney,Male,41,Employee
Iorgos,Bucknall,Male,45,Employee
Marcelline,Fiddyment,Female,35,Employee
Carmelle,Peasegod,Female,24,Employee
Tab,Langmead,Male,30,Employee
Kimble,Bavage,Male,35,Employee
June,Francesch,Female,51,Employee
Aldridge,Lemanu,Male,52,Employee
Joachim,Guerner,Male,46,Employee
Lyon,Coopper,Male,59,Employee
Jerrome,Brislawn,Male,56,Employee
Grover,Billborough,Male,38,Employee
Leese,Baike,Female,42,Employee
Falkner,Leigh,Male,57,Employee
Jesse,Wychard,Female,37,Employee
Fields,Cowton,Male,24,Employee
Lebbie,Ivanchenkov,Female,55,Employee
Barbi,Ormistone,Female,40,Employee
Lance,Sherlaw,Male,26,Employee
Creighton,Fynan,Male,42,Employee
Vivianna,Achurch,Female,56,Employee
Sebastiano,Stanford,Male,50,Employee
Jessica,Kesper,Female,20,Azubi
Ritchie,Buckwell,Male,58,Employee
Conni,MacRitchie,Female,63,Employee
Evaleen,Jeffryes,Female,24,Employee
Kevin,Minigo,Male,28,Employee
Jeri,Wilderspoon,Female,33,Pool Master
Ardeen,Landor,Female,52,Employee
Lucas,Tumulty,Male,40,Employee
Pierrette,Imlaw,Female,30,Employee
Janaya,Hember,Female,43,Employee
Lurline,Andrick,Female,29,Employee
Trent,Goldsack,Male,52,Employee
Ulrick,Soars,Male,56,Employee
Moises,Peert,Male,53,Employee
Daphne,Blaker,Female,36,Employee
Rebecka,Godthaab,Female,28,Employee
Rene,Yourell,Female,40,Employee
Guy,Mouan,Male,20,Azubi
Courtenay,Kupker,Female,32,Employee
Todd,Ervin,Male,64,Employee
Don,Ansell,Male,59,Employee
Garreth,Mebes,Male,39,Employee
Wolfie,Shugg,Male,24,Employee
Andreas,Rosling,Male,16,Azubi
Ives,Hilbourne,Male,43,Pool Master
Flora,Scarlon,Female,48,Employee
Whit,Gelsthorpe,Male,36,Pool Master
Rusty,Joburn,Male,29,Employee
Montgomery,Slewcock,Male,63,Employee
Harlin,Myall,Male,33,Employee
Dallis,Sudlow,Male,39,Employee
Dorine,Doyle,Female,19,Azubi
Elva,Begent,Female,20,Azubi
Michail,Mitchinson,Male,52,Employee
Smitty,Scotson,Male,29,Employee
Doralyn,Bengoechea,Female,34,Employee
Abbot,Creevy,Male,19,Employee
Piotr,Westrope,Male,26,Employee
Benjamen,Fluit,Male,57,Employee
Nolana,Balaam,Female,16,Azubi
Bethanne,Chatelain,Female,31,Employee
Yehudi,De Blasiis,Male,59,Employee
Laverne,Volet,Female,19,Azubi
Francis,Taylo,Male,38,Employee
Cassie,Aronin,Male,39,Employee
Quent,Altofts,Male,54,Employee
Jed,McCart,Male,25,Pool Master
Tibold,Muston,Male,33,Pool Master
Jesus,Huckell,Male,24,Pool Master
Nate,Stoop,Male,63,Employee
Carol-jean,Palmar,Female,27,Pool Master
Immanuel,Frith,Male,37,Employee
Peder,Birtles,Male,45,Employee
Burnard,Ferneyhough,Male,56,Pool Master
Sayres,Kehoe,Male,22,Employee
Illa,Pren,Female,35,Employee
Marylee,Jerdan,Female,39,Employee
Ericha,Jenman,Female,55,Employee
Fitz,Rosevear,Male,32,Pool Master
Brigit,Balfour,Female,29,Employee
Kennett,Donisthorpe,Male,20,Azubi
Amble,Ivashnyov,Male,26,Employee
Shaylah,Dingsdale,Female,39,Employee
Chloette,Vasnev,Female,44,Employee
Roarke,Calverley,Male,21,Employee
Thurston,Calafato,Male,31,Employee
Salvatore,Rudderham,Male,32,Employee
Mae,Hatry,Female,50,Employee
Gregorio,Jakolevitch,Male,53,Pool Master
Lorenzo,Fulun,Male,44,Employee
Thibaut,MacAlroy,Male,24,Employee
Darice,Chattell,Female,32,Employee
Garth,Vedeneev,Male,51,Employee
Robyn,Linny,Female,22,Employee
Joela,McCaughey,Female,45,Employee
Vinny,Orrice,Male,26,Employee
Dodi,Geeritz,Female,38,Employee
Mahalia,Dibling,Female,39,Employee
Trent,Speake,Male,60,Employee
Moritz,Leavry,Male,16,Azubi
Marybeth,McGannon,Female,37,Employee
Taber,Janiak,Male,28,Employee
Griff,Iorillo,Male,50,Employee
Giuseppe,Folks,Male,42,Employee
Manny,Prevost,Male,45,Employee
Ilysa,Apfel,Female,38,Pool Master
Chicky,Fillgate,Male,51,Employee
Briant,Salleir,Male,56,Employee
Cathe,Hames,Female,55,Employee
Liam,Osbiston,Male,44,Employee
Lorena,Tyer,Female,55,Employee
Burtie,Brassington,Male,43,Employee
Pietro,Yakov,Male,55,Employee
Konstance,Miranda,Female,60,Employee
Mar,Eagan,Male,21,Azubi
Henrik,Gaskoin,Male,43,Employee
Roldan,O'Moylan,Male,51,Employee
Durant,Ebbetts,Male,29,Employee
Elsbeth,Rehme,Female,15,Azubi
Tracy,Brownsea,Male,47,Employee
Carmelia,Hutchinson,Female,32,Employee
Luci,Hrihorovich,Female,41,Employee
Woodrow,Winspurr,Male,37,Employee
Orelle,Done,Female,25,Employee
Paulie,Hebble,Male,32,Employee
Florie,Rewcastle,Female,32,Employee
Sergio,Scotchbourouge,Male,48,Employee
Trix,Dukelow,Female,32,Pool Master
Lek,Jakubowsky,Male,61,Employee
Dasi,Adaway,Female,42,Employee
Jake,Gun,Male,58,Employee
Amargo,McChesney,Female,19,Azubi
Zacherie,Graveson,Male,25,Employee
Eustacia,Fedoronko,Female,49,Employee
Gib,Gauld,Male,50,Employee
Tomaso,Bremner,Male,60,Employee
Eward,Lewzey,Male,16,Employee
Rica,Bavridge,Female,52,Employee
Adelle,Potier,Female,63,Employee
Bartholemy,Mackro,Male,27,Employee
Bart,Inman,Male,57,Employee
Geoff,St Clair,Male,42,Employee
Renard,Lehemann,Male,57,Employee
Wernher,Tickle,Male,48,Employee
Josephine,Klimkiewich,Female,26,Employee
Jordana,Brito,Female,30,Employee
Velma,Janiszewski,Female,62,Employee
Ranna,Twiggins,Female,21,Azubi
Lanny,Sabate,Male,25,Employee
Annabela,Dono,Female,21,Employee
Concettina,Kilgour,Female,54,Employee
Markos,Leythley,Male,30,Employee
Gibbie,Perllman,Male,55,Employee
Angel,Rawlings,Female,25,Employee
Cassie,Bootes,Male,16,Pool Master
Robbie,Heighway,Female,60,Employee
Cherianne,Von Der Empten,Female,22,Employee
Thekla,Nickolls,Female,19,Azubi
Ruby,Colisbe,Female,55,Employee
Yoko,Barbey,Female,17,Azubi
Caryn,Ree,Female,35,Employee
Nevin,Toxell,Male,37,Pool Master
Jefferey,Rabidge,Male,57,Employee
Bowie,aManger,Male,34,Employee
Evaleen,Hartwright,Female,21,Azubi
Maxy,Alliott,Male,35,Employee
Missy,MacGille,Female,41,Employee
Hugibert,Dodworth,Male,45,Employee
Reinhard,Dymocke,Male,45,Employee
Georgi,Ansley,Male,44,Employee
Adele,Halversen,Female,50,Employee
Valle,Tripet,Male,63,Employee
Broderick,Piggin,Male,29,Employee
Emanuele,Ganning,Male,31,Employee
Mord,Cesco,Male,35,Employee
Arabele,Elves,Female,24,Employee
Camila,Rubinowitsch,Female,47,Employee
Stephannie,Keysall,Female,18,Azubi
Maddie,O'Hartnett,Male,29,Employee
Lyell,Fitzhenry,Male,33,Employee
Cale,Blodgetts,Male,25,Employee
Matty,Mussared,Male,43,Employee
Riordan,Vuittet,Male,51,Employee
Elliott,Rosell,Male,28,Employee
Everett,Osgardby,Male,56,Employee
Niall,Ruckhard,Male,34,Employee
Dall,Murdie,Male,37,Employee
Lolly,Sarson,Female,57,Employee
Ursala,Bauldrey,Female,62,Employee
Fanechka,Alchin,Female,35,Employee
Cristiano,Bauchop,Male,24,Employee
Kathryn,Jolliff,Female,24,Employee
Cissiee,Peyro,Female,40,Employee
Franny,Doog,Male,24,Employee
Maurita,Vlasenkov,Female,15,Azubi
Trever,McLeary,Male,49,Employee
Kippar,Wilkinson,Male,35,Employee
Sharyl,Lukes,Female,18,Employee
Shelagh,Wormald,Female,19,Employee
Anton,de'-Ancy Willis,Male,44,Employee
Torin,Sandercock,Male,53,Pool Master
Allister,Alekseev,Male,58,Employee
Brandon,De Luna,Male,45,Employee
Bert,Odda,Male,55,Employee
Chandler,Loadsman,Male,36,Employee
Lydie,Chirm,Female,49,Employee
Lynnette,Elflain,Female,63,Employee
Algernon,Gerardi,Male,36,Pool Master
Zared,Marquet,Male,21,Employee
Sandy,De Giovanni,Female,21,Employee
Obadiah,Hopkynson,Male,33,Employee
Esme,Pownall,Male,16,Azubi
Scot,McAleese,Male,25,Employee
Marion,Burgis,Female,50,Employee
Emery,Furby,Male,41,Employee
Geoffry,Mattock,Male,58,Employee
Kahaleel,Wilcinskis,Male,20,Employee
Karylin,Chadband,Female,46,Employee
Gannon,Saller,Male,30,Employee
Georgianna,Davio,Female,34,Employee
Kamilah,Hrishchenko,Female,27,Employee
Camella,Oliveras,Female,27,Employee
Mikael,Helian,Male,53,Employee
Jane,Woodruffe,Female,40,Employee
Rafi,Parres,Male,24,Employee
Flinn,Jenkin,Male,34,Employee
Hunfredo,Brightman,Male,50,Employee
Constantia,Petken,Female,31,Employee
Gnni,Berrie,Female,33,Employee
Hadley,Fellows,Male,30,Employee
Ernesta,Jackways,Female,61,Employee
Erv,Gabey,Male,57,Employee
Justen,Conaghy,Male,41,Employee
Allie,Breen,Male,41,Employee
Winny,Pinel,Male,33,Employee
Sile,Melbourn,Female,44,Employee
Lucius,Osmund,Male,21,Employee
Merrill,Gibbs,Male,44,Employee
Claudianus,Larter,Male,43,Employee
Onfre,Chaff,Male,34,Employee
Catherina,Bugdell,Female,60,Employee
Dori,Shortland,Female,39,Employee
Roz,Bravery,Female,26,Employee
Niven,Doggett,Male,43,Employee
Paddie,Lemerle,Male,25,Employee
Hastings,Dundon,Male,19,Azubi
Rhodia,MacCroary,Female,31,Employee
Adolphe,De Francisci,Male,37,Employee
